PP Address,S0 Reward,Prosperity Pass Level,Self Verified,S0 Gov Contributor,Lvl Reward,Self Reward,Gov Rewards
0xc250d56576fcf1584077ace94b3d06c3af4f32c3,"2,750",5,Yes,2,750,"1,000",1000
0x4988b2ac207c684125cadecd5cefa3a93dcaa72e,"2,750",5,Yes,2,750,"1,000",1000
0x116e7dff4105e14226e7403a717514d876f1c92e,"1,500",4,Yes,,500,"1,000",
0x787940eaa7745ddc99a9b61990f75a39594c03b6,"1,500",4,Yes,,500,"1,000",
0x223c5cf3aa23fb56d86a34e95b615eef7771eae6,"1,500",4,Yes,,500,"1,000",
0x743cbbb29d95bbe9bc95e02b6a75033c854099bf,"1,500",4,Yes,,500,"1,000",
0xe916da7a801c950bdf478a11cf6edcd2db2eda3a,500,4,,,500,,
0x0c1ba2851c70f1d6f96057fafee938c2c3712424,"1,500",4,Yes,,500,"1,000",
0xeacc83986032804f89bdc2436224572d1fe57c47,500,4,,,500,,
0xef88ee24a00b6b4feeec0e195f360abb52cc684a,500,4,,,500,,
0x30b8c5f9c42e666d387726669d9fad0777d559e3,375,3,,,375,,
0x2416e7d5845f382881283d4104d63ca8a1b8d6c4,375,3,,,375,,
0xc92a3979eb347aec84ae4cae0dae605711baf57e,375,3,,,375,,
0xd17f6ba8ca601b2d4384b90c6a0d475cc4ecab6e,"1,375",3,Yes,,375,"1,000",
0x2a666834a2d8188c342709581b8e402c9d88d471,375,3,,,375,,
0x1f043d2911495af015874b981805eb034c811e95,375,3,,,375,,
0xb86e2a87fdabb6363df7e29ae2e47175052f2571,375,3,,,375,,
0x9ded3e5631824a3aedf748741b63fc5049609174,375,3,,,375,,
0x6dcb89e4b1bc8d80eb6457262c6f7df1b1872bef,375,3,,,375,,
0xd9797fe2d0b77a22c509c35736a3eca94c239df8,375,3,,,375,,
0x5a43a359acd6897a1c5959736b997a3c524f89e5,375,3,,,375,,
0x8caaa0b95dbd7136f41064c46bcc9ce6cad19510,375,3,,,375,,
0x179c8aa37e6f4ae74547f30382048e81faf2ea87,375,3,,,375,,
0xb9837556326062269b5b2cf1b40a33ec83617af0,375,3,,,375,,
0x53962f08cc10a83c9c1814d191c0093f95aca0b6,375,3,,,375,,
0x1d919c2aceab7085998f6d0a6ba4203b608ed834,375,3,,,375,,
0xd9eb6584d15d239b262aa218cc1a947e07d1f142,375,3,,,375,,
0x4ef7b3fc665804eeaef8211f79bf9bc558e60726,"1,375",3,Yes,,375,"1,000",
0xd9c5291128ff6d31d254234b27c3ae1d3ff48781,375,3,,,375,,
0xdacd11c5ab331792b6e9a425cb2fb96c38603321,375,3,,,375,,
0x1f8e0cfc6803a4dfa331baa7f24f50c63f62ce9b,375,3,,,375,,
0x0b6747c28ecc4c011f9193b924447d1616d8a27a,"1,375",3,Yes,,375,"1,000",
0x952ee5728d20abaff979c11efa0ebaff1db6ff6e,375,3,,,375,,
0xa4cb98976172b87491b25becdb15d58fd98a704f,375,3,,,375,,
0x53c1f24de30b462bc29c480af5887165ae16b392,375,3,,,375,,
0xca7345922b13bd578e74604f695623e996e62db9,375,3,,,375,,
0x218c5f9499f9e42f4045342e38aea68ce7a0534d,375,3,,,375,,
0x119ee6592787995cf1638d6c716135f57ca6ba8e,375,3,,,375,,
0x316be7c0a7657d97bb9040176faa9621e5faab53,375,3,,,375,,
0x1ca7445c2119ddfbee0e751643120134b4ff4b2f,375,3,,,375,,
0x41ec1f007440953a26590ceaa11c886bfb694391,875,3,,1,375,,500
0x1923db457a5fa15703c87ddf453677013bf85b2a,375,3,,,375,,
0x70ca5d21848d1a2ffb65aeadaae3274989460d70,375,3,,,375,,
0x6c8325a93fe96aac93be9508637f3b3d3fb0288b,375,3,,,375,,
0x020f81326a3985f158fc56f7c934fc256cbeb1eb,375,3,,,375,,
0x95405baee181e2e444b143fe16f8b52a845eb9ae,375,3,,,375,,
0x9dd3ebd8f8fd66ec28a61df1448e64e4c363798c,375,3,,,375,,
0x3e0f98de59620e4127fca051da76f7ab0299c9ea,375,3,,,375,,
0xc5d59c15879443a9138fb7b8fe45de8344327845,375,3,,,375,,
0x5aa2ee613206d2d4ec53b23f93dfb7cc6bed8382,375,3,,,375,,
0x70275ac439bd0926e713bf93928517053e2c6cbd,875,3,,1,375,,500
0x0b81f21a2d240dafb0b42bd8a4581e9c2e84b9d0,375,3,,,375,,
0x596de7918e54f36f2ba59ed44c86431e27b0f3b7,"1,375",3,Yes,,375,"1,000",
0x8d9ac80da7c1d9fca5d9823f9b8d712f3e570f60,375,3,,,375,,
0xf80f51b07e10d38be45a80162e028875e5b8028d,375,3,,,375,,
0x6edd47665f3db050a075a01d00bd66ffe639fa3e,375,3,,,375,,
0x336b518c89c058ef33ec7cb613049bc794518fca,375,3,,,375,,
0x76c9ca7ed2390828ecd7e1c324f5f7a3138198be,200,2,,,200,,
0x165a0da0a0a7d42d4175b9d7db31c871333788bf,200,2,,,200,,
0xddd0cf5eab4fb98dd8f43b9181c0e21c78387855,200,2,,,200,,
0xca2597ea8a57afb0ffad4f33628b5b8a88fc13b9,200,2,,,200,,
0x96054a9988453870f383320c399314a1e94d5033,200,2,,,200,,
0xf95da6d948fe308a66916ed85f8735b82f2bc5cf,700,2,,1,200,,500
0xee80c6e15f638bc33e859693c0bb66f8925ffc3e,200,2,,,200,,
0x70ea91017a07003910377e82371e8003a1e09f54,200,2,,,200,,
0xe6dfd5c6a8a468990dcc0afcda36d302dfbaf2fd,"1,200",2,Yes,,200,"1,000",
0x58ac7909bd2d0a3b780a3d4618f37f50e566cdeb,200,2,,,200,,
0x8c4050a735549741e381fdca048c8b04ede29a3e,200,2,,,200,,
0xe1598f1d8c8278a3064476c33d9b88e363a7c6a4,200,2,,,200,,
0x7a949a8d3aa28e47f6a669f55470158ca4472e2d,200,2,,,200,,
0x2059b997d3db2ad0702999ea872b2893533af638,200,2,,,200,,
0xbb245292a41d14ef33d9179ba293f5fd483a1d2e,200,2,,,200,,
0x82e5fe434e46d9fe3900bbd98166b953a4879965,200,2,,,200,,
0x88bbab6d2007725f0be2a810cb1b7fc6d92f90c2,200,2,,,200,,
0xd0f93a62e8d9e6a56299890d682342b73ea9667a,200,2,,,200,,
0x6af2c916c342a109db29ded88f684a675f73b78a,200,2,,,200,,
0x4c703a0f3f01e4aaae40992cc3a7463478f4539f,200,2,,,200,,
0x2ca7304bbbf8b93d6d1929a053883664042a6df0,200,2,,,200,,
0x4b027114bcec8ffd7f4fbf60ece61a49740a0955,200,2,,,200,,
0x1ad6ca4f8c3c294c1b4c23ced045a104afc2af05,200,2,,,200,,
0x584dcb99d81c3f5ffaf7fbb4282d78624033beb4,200,2,,,200,,
0xa09b31866aedd421296b2303ad2814e0125c5200,200,2,,,200,,
0x478cf04804d2ccbbe3eca6f59d0a0d5f4255f321,200,2,,,200,,
0x30c8e3b5bf84d8f56f2a140766579b6d124014de,200,2,,,200,,
0xeeddcb3664ec4e39e71408f8813d16634709d3e6,200,2,,,200,,
0x155b63314444c7edc995a74dbc740bbc0a71742d,"1,200",2,Yes,,200,"1,000",
0x823104de45e0043660c211444c2c9a9112d9e238,200,2,,,200,,
0x5e6b1710c525ca72a85798b2ae9dec1d6e3a4fec,200,2,,,200,,
0x31ce49fb5ae8d16e85856ea65bb36c2a03a7c948,200,2,,,200,,
0x7ff57dae63d0daea82cb61a8ffa9dee8c4c82e8b,200,2,,,200,,
0x7c00963d69d83bd9fe1c3917a99a99b574ea1138,200,2,,,200,,
0xfb82401b3101e4ea368a46271147e75d080f046b,200,2,,,200,,
0xc6fe3d90dee43b775c1c16a1ef365983f30d40bf,200,2,,,200,,
0x40aa393aed5f0bc731e42a1b4b8290529075d44d,200,2,,,200,,
0x8c0a8b60ab7c99faeb38f0bfd58b2cebe08ab5f3,200,2,,,200,,
0xc46d451a69292a0e84b90b1c7cc30496ba79f93a,200,2,,,200,,
0x9803c8be9c6a0ab4d1513a06ca9bbcf9ba62841d,200,2,,,200,,
0xf43beb7975d276ad7bec77dcb0f191fe05903866,200,2,,,200,,
0x840937a0f8685fa64425513cc88dda69e46b7e34,200,2,,,200,,
0x9659c78e4ae1f890faffb16a0754af1d2fef640d,200,2,,,200,,
0x0b99a037ebb7c4ccb0bf52be3b80d6b0bdaf70f6,200,2,,,200,,
0xf333209635eca203be82e6eb178037de3fa4caca,200,2,,,200,,
0x1d8ed3b5ee70b3a3803832a0b2d7a64fc3048390,200,2,,,200,,
0xca9b45640c5b799d479df63972b7a35323f0ddda,200,2,,,200,,
0x1bd83446ac5199c4fdb8f03b3ac7fde0c3df8a1a,200,2,,,200,,
0x47713e4648ab07abbb36e3de225e28a59803dff8,200,2,,,200,,
0x5c60bfd5f997b03572951bb6d555255144080e5c,200,2,,,200,,
0x3051aa5ce37488c51f4961bec5cce362304b9147,200,2,,,200,,
0xf33a4204bfbdea70401ee4968f7e81e9ee688295,200,2,,,200,,
0xf975b72d807ceb7e87c1e0cfdd8869b527681e40,200,2,,,200,,
0x5342ae407321b717d3d652c5672aa7ebbf9f5ea2,200,2,,,200,,
0xa745ac98cfe4bc0debe44160325684a0ffcb7146,200,2,,,200,,
0x6522c521843b5527a9e85daea63f8accf3fb8f4a,200,2,,,200,,
0x33604850849a550054fe2462c14bb236d7d6f639,200,2,,,200,,
0xc778237561f558f56a97249551ceaeef30b5e914,200,2,,,200,,
0x5c3469e7ecb4b3f895f64f6b496e0fda5217a1d3,"1,200",2,Yes,,200,"1,000",
0x1ffd4a4dea3e93702f0876d77b6e1a9443a556d5,200,2,,,200,,
0x0a2364c4cec8b247e7b5b8fe5aed10dc195b6410,200,2,,,200,,
0xd4d1393c8d3b1b2b5b7de223ffb4254c3beba790,200,2,,,200,,
0xa55ebbf453b819c2e465a962f2c83771ceee7e51,200,2,,,200,,
0xc1af985116915762f712a62e7bd7d331508cc57a,200,2,,,200,,
0x1396abae109c792784be0676762451e995db7200,200,2,,,200,,
0x11d058cd8624ec37ef0b5c8bcb8a2e6129bada32,200,2,,,200,,
0xf51da8536307114b7e48e8b261570f3ca4293e9a,200,2,,,200,,
0x09d5da0a3d22e96a0e698acdf234d2bc765ebcde,200,2,,,200,,
0x6f321ac21c917a4a85b3721315ff9c99da334af6,200,2,,,200,,
0x9b9b62a5949ef542e6fe15c87a8fdb70c07e21eb,200,2,,,200,,
0xe8be851fbb1e5121e69526b0583a9412e6bc6afe,200,2,,,200,,
0x1c5c849b22f9c8066b0ded292269b8e6f1360782,200,2,,,200,,
0xb32add9837ebfa3a31b5146065b2a87cf801b63f,200,2,,,200,,
0xb8392c6d9b65f393cacb70a757c791098b59456a,200,2,,,200,,
0xa33e9208760696e1642b52a3d4d31ec88894a695,200,2,,,200,,
0x2ab91dc857c07aefe33877b9ba0c2ce28e59a41d,200,2,,,200,,
0x889901a9bce447525a9acd2f3fd6ed69f2d49103,200,2,,,200,,
0x16b6917746f7423dd9aeb6fa8907e9584f3462ff,200,2,,,200,,
0x47f9a2844999893e8fbb6b1aacfd7349073883f7,200,2,,,200,,
0xabea76d098af06b03e885deb9531ccdc3438f256,200,2,,,200,,
0x06670ceb5e742f49850b07f30582a16e072c5388,200,2,,,200,,
0xb6892afde60f9d4bd7c96a2b645a22a3cf99cafb,200,2,,,200,,
0x06b564c221d22f3e193909c206f78c356986ec83,200,2,,,200,,
0xd2d09c48e24787fd2202e592163ef43ed5562c67,200,2,,,200,,
0xa2f5c641cdd35e06b1b51eb2976c6d2b8f3a7492,200,2,,,200,,
0xd7861d0a0695694473773c33d83f79c1de8a6673,200,2,,,200,,
0x5dddf97fa4f3d5687f594c5213332680e0dec9dc,200,2,,,200,,
0x37f310dcd50a8f8eefe792ee1f4415aae8ba06ca,200,2,,,200,,
0x2d8a5d7baa6e4f08ec2b44ef2cfc64a6986e0645,200,2,,,200,,
0x13e43224ecb4357ce46779e9b88a88aeed04321d,200,2,,,200,,
0x191e31147558249ffe40482f05f195ab3f637f8c,200,2,,,200,,
0x0e1d5a0f474fd16bfbe66721b1cd5f058caa4835,200,2,,,200,,
0xda0b949421033050113477ccf631d7dcb6f91760,200,2,,,200,,
0x9bb5ead41e6082b1143b2b99eda3e638c1d5c510,200,2,,,200,,
0x30c45607985c2b8f7c8ecf060a8fcfa5724ea595,200,2,,,200,,
0x17244441de9635d0f387f68c1ee126e2e4ccdda1,200,2,,,200,,
0x69da196feb2d616ab5354bd0a5ce5adbacd95ef4,700,2,,,200,,500
0x092d82e22fadca9d5b8ae33b13ad71e069dd2f0f,200,2,,,200,,
0xacae15fc612caf09bf596cad60283d65443fa486,200,2,,,200,,
0xf26ee530e4a29fedfae55561875b6b2b32c151f9,200,2,,,200,,
0x49385b2b895f988a99dff9c6beb48703ef34ab21,200,2,,,200,,
0x14f7ed3bc9b5c8b380fc1f6330710e1dff6b36c6,200,2,,,200,,
0xb28e4d0c56d13318e7cb39bec2ffc8e4122606bf,200,2,,,200,,
0x30c2751e4767bd088a01e61cd9392a6dc4ceecc3,200,2,,,200,,
0xc9a2c707669af0235cfe7e9733a08694d0f69376,200,2,,,200,,
0x06093cef17a7df93059265becd6c98845c9e2398,200,2,,,200,,
0xc335d524163f6a44a515e7998cc557476a1537ae,200,2,,,200,,
0xbec7776fc84744a8b1833ded47b5c8dc4a0db825,200,2,,,200,,
0x5b86da5eaabecd39d5501053826b23d4237ebd50,200,2,,,200,,
0x5f2c94d37cff7a251424854cd7d7a8977cff2e58,200,2,,,200,,
0x427471b75e9dafcf22502dbb0b0290344218a966,200,2,,,200,,
0x059d29e144437e761cc14e213a261961199be9f6,200,2,,,200,,
0xc3415330607b7995fcabf38f7edea5a6ee0c3307,"1,200",2,Yes,,200,"1,000",
0xcf0a37505a5d3095df716fb77ecde5f6ebd59d26,200,2,,,200,,
0x50808a2060991fb0dffaff66157ebf16d5f33fc0,200,2,,,200,,
0x4ec34cfd4cc41618f763d512c882bc0fcefd7755,200,2,,,200,,
0x5641ac528944c1c79b31edc1ed0fa1a1d3c02b87,200,2,,,200,,
0xb7f516eaa8c267eaeea1c4cf08405a7d2883202d,200,2,,,200,,
0xbbdfeda65cac915ebb229010275a5bb42bcf73f1,200,2,,,200,,
0xe2f1ceff47a7384a26027e4702b06e017457d843,200,2,,,200,,
0x672399ca1268be85c19ce1f08987701d289200fc,200,2,,,200,,
0x4e12c6bf91dbda51272995db644e2c074755cdab,200,2,,,200,,
0x2bc3016da0c0c86c34c8d4f8fa931d6fdf1ce52c,200,2,,,200,,
0xb616f982ea09db9b220233f59310714a71145858,200,2,,,200,,
0x5d88b7b64e59483215a8ed76d5a96409c5d5cf41,200,2,,,200,,
0x42e03a1396e71fa75ce973ff2a56beac9ced455e,200,2,,,200,,
0x510633d5069f8e07e5e2f93f01d0aceaee381d68,200,2,,,200,,
0xdda64ec853dc92398730fd828952cbed9495836d,200,2,,,200,,
0xb8c50e23dfcfa06d59436209f3eff1e84192bf9d,200,2,,,200,,
0xd1067b7e3249512042f39272e98cba753015c1b9,700,2,,,200,,500
0x2c29441bf4aa3195a4951d0cd7b158c446c7547b,200,2,,,200,,
0xd14e6382f5cbcf562d45abe31910ea8da17e432e,200,2,,,200,,
0xb63c2ad6f51cd4d78195ea0fafa220033a4789e4,200,2,,,200,,
0x2e03e072df65aa5dc92ac67237b05d5f6cf41630,200,2,,,200,,
0x6770abc26ecbc4bbe29f6402dd0d833fc40c7160,200,2,,,200,,
0xe08216ca07c86e0ac7ce420d886d2ce9d7c97a28,200,2,,,200,,
0x37ec32e3fc4fb4e0ed87358f4871c357813e7a68,200,2,,,200,,
0x634f5b9a576303fa362ddb34eb7b59724156ff22,200,2,,,200,,
0x8e1bae80ece479c9cac576415446e109b7c8b11f,200,2,,,200,,
0xe75ac070f76fd5ab6f718876472c1118fa4640d3,200,2,,,200,,
0xc40d41a14728b6187691e2a4e936b850319616be,200,2,,,200,,
0x7e4575093adb87fe4ed1e5dc024e00a2fdbe3533,200,2,,,200,,
0xfbc597db1f16d8f1573b4f813abda48178f36170,200,2,,,200,,
0x405eba033aee211cea43bf177fe1f310b38eb19f,200,2,,,200,,
0x325b27edf483d40234a35747a4fd9e504e70ed3f,200,2,,,200,,
0x163bdfde6092159f2b3b313cef75dae425d557b3,200,2,,,200,,
0xe625aaa0ce469160583dab3322117387801af734,200,2,,,200,,
0xfe54495288ee1d7efeb64f90749ddd5695f2604a,200,2,,,200,,
0x6dad0517f305d1ee60963d3e4144fa127e28085e,200,2,,,200,,
0x7e9adf7f8268344717503ff141f0b1ef51a85784,200,2,,,200,,
0xd23f8b337e5ab566771965c6ff4c491c9ab5a320,200,2,,,200,,
0xc2250d3b91a6d12cf2ec0ab339273768eaa44748,200,2,,,200,,
0xdcb239921566c180ed6665e4f0b93ec6340cc719,200,2,,,200,,
0xe05196013a2206bcdccbeee3570b27e894eaa723,200,2,,,200,,
0x73e11c5b84cdc66c73f6f0b19c8482e40136312d,200,2,,,200,,
0x518badc7e0338683a51449b02f3825145916cd3a,200,2,,,200,,
0xe367b9de9620805154eb3e1b14bfb8cb99c0d938,200,2,,,200,,
0xf235a1457aaffdbba99a71c21c871b12a549366c,200,2,,,200,,
0x0c238bbf299750772700306fe555466d2de6bbe3,200,2,,,200,,
0x87c164f314ebd13d0ae8ebc3b5ba1cb13360d36e,200,2,,,200,,
0x41c83485dbb7361331db90b8f069c6804bed4af7,200,2,,,200,,
0xd53ab1872045acccefa5286e403e3b6dd5b79345,200,2,,,200,,
0xa4b539f956b6897297c6fd11bca9a0cb1a9c1c6e,200,2,,,200,,
0xb8d187860717d8405b01ebfa2b2591d304161515,200,2,,,200,,
0x71b18de2bcf7bc4340939390e2e846c8bca177ea,200,2,,,200,,
0x35c5b7386b5203dd89080d6feb651274723b36c8,200,2,,,200,,
0x29e15b2cc722a0ad523d6f51498e08cc3d81c684,200,2,,,200,,
0xbbfd8dac8e0a1be33955d9c0ce99f0a16f3ab75f,200,2,,,200,,
0xa371342b4076e1a404ad24160a160595571877cb,200,2,,,200,,
0x4032c60038c324a5eb8dfc52ca001da5f787ea36,200,2,,,200,,
0x88bf323489c496820cafa87a3c74980e0f8879b2,200,2,,,200,,
0x05cfdc837a90c79a90423bb7647e5511de0a7df8,200,2,,,200,,
0x062abe411f546a4356d3244880286efff4d93fe8,200,2,,,200,,
0x989955d7873bbbb0b7d8802e38a4f368494803c1,200,2,,,200,,
0x3ac554844eb25261faea4611918781a6cf600808,200,2,,,200,,
0xbe2139865398a80351187f280a98f26239f6785d,200,2,,,200,,
0xb3030fb963d974586b45347dad4a80be25f23b99,200,2,,,200,,
0x7bbb98c3a6f884479f7fa782be7fe30e9e7c8ac6,200,2,,,200,,
0x4e45de1ce901bd8b6e36969d521360de83ef2391,200,2,,,200,,
0x3e3fc20764798c7b3a12c79ac143186aa2c1deb6,200,2,,,200,,
0x1e9ca5dd658cd46beec6ad2c63f188795dd221bf,200,2,,,200,,
0x9192a4a07843a501a9c5043820074be0336e7c06,200,2,,,200,,
0x0c898632706dc2fb3b6032cdac0e7c444d7d13be,200,2,,,200,,
0x00510d921477b564b60f3dfd44735d47377e5046,200,2,,,200,,
0xe53f99475a668872766c8a8e9e8dde600e5f8896,200,2,,,200,,
0x15d1fd1a734d082d178e01d9fe0138d915d2cc87,200,2,,,200,,
0x9933475ea3d8c96192e7021c9239816bc70ebb48,200,2,,,200,,
0x591c331b7f3adacacc6b2df6b7c84be5a467711a,200,2,,,200,,
0xd20f18328e094424592076452651d162020e8ee2,200,2,,,200,,
0xf7309d40e664b57353343b22e641480c248cef1e,200,2,,,200,,
0x7dbd98a3c62dfef3781cf20d78b8e27dd5fb630b,200,2,,,200,,
0x123b46945e06233ac62b548f3aff247823603ecb,200,2,,,200,,
0xae75f4156f1eae9e06226b6feb8826832416cacc,200,2,,,200,,
0x0c57162b2f70b515c9ea73bbf2edf339f052f3a4,200,2,,,200,,
0xc827f34b93d0226df84908baa29c690ff86b201d,200,2,,,200,,
0x969627ca15f90b2b039975725b11f5200eb3e418,"1,200",2,Yes,,200,"1,000",
0x7b6bc99a4a4577890eec7908c45d16e311064857,200,2,,,200,,
0xd5364aeb6b47fbb422ec4bc82a0c67a11955cdfb,200,2,,,200,,
0x97673737c162196e89d063144c1b5e944420ce1b,200,2,,,200,,
0x2b31901902d17089469a9eebe8d7cebd35396de1,200,2,,,200,,
0x416fe425ea011c2afad6c60ef553bdb9af531938,"1,200",2,Yes,,200,"1,000",
0x473466203101d2835ca10f259cab9ccf8f003eee,200,2,,,200,,
0x82a1557d08221132c6bad0e9c740ed8ad4399681,200,2,,,200,,
0x2c96275a8ab7c8ff4694409f9754d94da0521b87,200,2,,,200,,
0x8df46e770c2e1cbfd4729fa213653f0d94697c17,200,2,,,200,,
0x4da0086b2e014f5f43b3e8090f8c13a674d7d220,200,2,,,200,,
0x19d205303bef07ae9e1bd1a0b23e35ca0abecb7d,200,2,,,200,,
0xafd7e31fc4fb8a9e6871e21c0f2a59f9ff242387,200,2,,,200,,
0xf9fd14764a5fbf352456c79ae9c825c797b383a2,200,2,,,200,,
0xdedf9d991c7381036f676414cc3b1e65be5277c8,200,2,,,200,,
0xcf3f848b9d10ddc420d4420096fbefc8291fa8da,200,2,,,200,,
0xdf2b2e4bf5f563174279f7da701f510ce8af135f,200,2,,,200,,
0x7174b158953da73cab42d7750f1178119f8ccd3d,200,2,,,200,,
0x0e481e5567dd71bc8f2514ef3274f4c1d140b3c0,200,2,,,200,,
0xc32c8f51d54a3267024325e37c8b946a16f01aa0,200,2,,,200,,
0x2f07dc86d653acfbf7faa9714ce89a52d9c8a83e,200,2,,,200,,
0x09e2282c4ecae2b5bd95de5f865321760065dd63,200,2,,,200,,
0x45122f5eb970aaa8eab5bfc3c7a87d33546e6bf9,200,2,,,200,,
0xe671e744fe7bb84e1f86dcafcc2f94065d9c3b3b,200,2,,,200,,
0x47be8e7186babca18773218f3d68b47e61cb0e72,200,2,,,200,,
0x68d1b7a7b04ecdb0b0f5164fe476b487a0af7240,200,2,,,200,,
0x5e6032ab916f38988c10181df61bda289dff4948,200,2,,,200,,
0xa54e3ec9d0902ac1db286ff6f67f1b3c18f89613,200,2,,,200,,
0x32855c4671563e8532c0fc0a291db69a01514e43,200,2,,,200,,
0xbede65b9257389cea57c7e21e829cefdf457ae5e,200,2,,,200,,
0x7e489b2cf0df968ef022fd8d0176a7c9a1702599,200,2,,,200,,
0x00ac7f2d0c1c936785160620d1c34a20992d1c12,200,2,,,200,,
0x2f34041dff29753fe671e7f6d67754112b657ebc,200,2,,,200,,
0x047f19b39140dc7ffa01dfa3bead90668ddf74e5,200,2,,,200,,
0x0309dfff084a3558bdd8045b70b2c326911080db,200,2,,,200,,
0x86a1024be9753a75d8f65eae25a4731be1440d63,200,2,,,200,,
0xca89ff5c8e80e57cc8a8dc6ecad2805c56db064d,200,2,,,200,,
0x52d05767352d29df1d9948c1df401f1c6e22b0b2,200,2,,,200,,
0xc46691c551e0b446eea39c8328e881b00a8e6d89,200,2,,,200,,
0x1cf878de60fa0843cab6a55e05884c7226d4992e,200,2,,,200,,
0x5e29e437ee4df5ea1461124891d2d8282e9d257e,200,2,,,200,,
0x513e679ea731b6ba6df8174e1a6d058be8ac5ddb,200,2,,,200,,
0x243387b5cb3b95eab7d592d14c89b144fd4bd9d2,200,2,,,200,,
0x256cdf8a79a41e849de8768cf850dbd26c6d9d05,200,2,,,200,,
0x0203c3be0ebbd6a48b421420ed3c638561310488,200,2,,,200,,
0xec4ba6fe46b8dfe6609073ab3dc25eda3fa04acd,200,2,,,200,,
0xe4fc124314d5ba26a07db7707ac7381841150710,200,2,,,200,,
0x94cb7766c0868a66ddcb9f8df2fac10a29adb3c4,200,2,,,200,,
0xb68a762a30fef902816e6253976714f55a598459,200,2,,,200,,
0xe498af0d4a950df3ab29eae3ddf4cc2f84b87012,200,2,,,200,,
0x728617fab0e8f7858bb648433f425dc71fc9b02c,200,2,,,200,,
0x5bc9167783914b0e023de6a990d2644370bf9f7d,200,2,,,200,,
0x91851444c0ece5646058734d2187b52f8c634915,200,2,,,200,,
0x0f57dacb6de450f501a6d31802b4076f74b8abef,200,2,,,200,,
0x1e360cb2b994ef27d41cc861eb0c0c41f76432cb,200,2,,,200,,
0xa746d1f8880503fee173ba4ab255c8223ba8f3ad,200,2,,,200,,
0x60ca57b6c1d57264fe7e3c5b6bf2efd757874ff0,200,2,,,200,,
0x241ecb6e21fef4996110d5ba74894b501967efa0,200,2,,,200,,
0xc7204f6d15f3a18a26ff741a117357a60d510abc,200,2,,,200,,
0xa20697e59d401392fca6306cb089688a91663ac6,200,2,,,200,,
0x791a7e1e238615373f5ef66ccfc0cd0ceb28a31d,200,2,,,200,,
0x466386ca831ed741841e794d30cdfd56255dc210,200,2,,,200,,
0xc7d46d919717b1f60711d6ede501d8b0ac42c259,200,2,,,200,,
0x0e829aa8dfb277c958861be47228602844ee0ab7,200,2,,,200,,
0xf5c96d388b716cc39b7af9fe8529f839d7f6f43f,200,2,,,200,,
0x558246f7a04eecc59440c250f4e26caab4994b72,200,2,,,200,,
0xd693252930490ae2d2f23044bf610607b9dec81a,200,2,,,200,,
0x04124e9af866bdbbace79a98d11636bda005f052,200,2,,,200,,
0x4d4eb1f60490983bd1d2bf8f1990a32f17d6616e,200,2,,,200,,
0xe8029333c4ffa2da6db259b40d8c4460addc263d,200,2,,,200,,
0x5c720f665f201b9c96a7f2a99ba98dc59913c4e4,200,2,,,200,,
0x626bba15fe2528d8e8e6aca11682f433f6475fbe,200,2,,,200,,
0x7d61eaa33f409619f6b23049caea61d09eb4d16c,200,2,,,200,,
0x45e8b23ec8c972b9bca5166d1d73b1f9f3af5179,200,2,,,200,,
0x6afb2df30b0390a1beeb474a42caaddbe08d9a6c,200,2,,,200,,
0x4062245551d09c44bc8226aa4b24ef2e8b7b1325,200,2,,,200,,
0xa792023a5980677764220f046a874add5c99d634,200,2,,,200,,
0xf8b5e29b9cf57f29a9a06b757aa3ec17c8648c14,200,2,,,200,,
0x64a66c4ca8da3ecc9eb93c176554be1f71be0170,200,2,,,200,,
0xfafc6d42ed3ee9c70ffb6a6f7cfdb6bc614e426a,200,2,,,200,,
0x87c542732e018225ab3169f967f4b9e8934c4567,200,2,,,200,,
0x1673f194afd1bb1c4daf3956b407ed7be4463e5c,200,2,,,200,,
0x16ee411da5f93f62c46847039b7623fceb1d411c,200,2,,,200,,
0x3cf93c200c81fc38634d0cabd6427094360ec0d5,200,2,,,200,,
0x0b178d7827d31ca55a975a4cde8f5833b2805e9b,200,2,,,200,,
0xe408565db8873deb1400ab50f04826eeb579ed1c,200,2,,,200,,
0xf39817549ccb660510729ea0dd8289121074a99a,200,2,,,200,,
0x554290f43c9d7230b9c05ceb2f37c345541ec5ce,200,2,,,200,,
0x62a2b9834a948a5f3b10e19baa84f2bf1c3eb65b,200,2,,,200,,
0xf4dc9893034d47ec97bfa14f6735982a2c57881b,200,2,,,200,,
0x460a8e2c29bec4343ba1b2ea26b28ab41a0928c2,200,2,,,200,,
0x26581c88f6a9dd70e2d2a49b577ed70791884f10,200,2,,,200,,
0x1c92ebf52f0ad36f090121e7c5c3f3ccc1545c00,100,1,,,100,,
0xfac211f4eea233d7d44c797652754503adb00bc2,100,1,,,100,,
0xbb4497d97f58b68ce1caeee9fbd83f06ed36fa06,100,1,,,100,,
0x296c0fa0664bb450f9fba951ac80675371787278,100,1,,,100,,
0x9629547bc5af23e97131f7b97100d547497abfaa,100,1,,,100,,
0xe881c317fb9c2764b8bea1382ff42def8ef8147c,100,1,,,100,,
0x98fe4977b32fbeab5f7ef790ef9f8ec161ab82cc,100,1,,,100,,
0x1a51cf58ebd27c9a7ec0c0c26319cb8c5336406b,100,1,,,100,,
0x489bbf1a134e46604ac4a642060faabf4e91eeec,100,1,,,100,,
0xd270d785d0e2a9e88969a5b1c4e1b09342ad55c7,100,1,,,100,,
0x908330c8f5bf508548d3b63d7c84f72f8cdb5755,100,1,,,100,,
0x56507143f8dbe474cbb209525d1af4110978cbd1,100,1,,,100,,
0xd6bb7f4235c0c5e31bb552e44b9f34fb98524eb6,100,1,,,100,,
0x4199c2dcece7cc1f4ad15da5929c494f25fd8ec6,100,1,,,100,,
0x99172e773f556eafa98d2a2f570f42a2e46e85fb,100,1,,,100,,
0x3d1baf53160edfda3ba0a4ce1ab3393a65837791,100,1,,,100,,
0x89276d96959d3d03f9275c98930dabe4d3d5ce38,100,1,,,100,,
0x1a84d97de41bcb559a9613369f8181067b7f2c34,100,1,,,100,,
0x9b46f583c773f795dec5991b750abdd4d3a202c6,100,1,,,100,,
0x1b5f1d2bd43c1d49221b99538a862e24f6a866e7,100,1,,,100,,
0x346d5474648c64598c962f3bb94e838fa54a67b2,100,1,,,100,,
0xfd3bbd4232446f56a765ebd30b0a72d910dbfa01,100,1,,,100,,
0x19a470b5686f5c17c3d26f8db93b0e73c79f5bae,100,1,,,100,,
0x24d4675e238508ffbf4f750923186d639026c97f,100,1,,,100,,
0x86ea36e0289cd81167b579cde7385422acf3ce41,100,1,,,100,,
0x45e2bc9f920a3f13717aa886e1092699ec7fc939,100,1,,,100,,
0x34d6a0a079855ef45a7b5804f751a844ee01ae37,100,1,,,100,,
0x27e01faf5d5b318cd225938cd42767152171e691,100,1,,,100,,
0x9f29fca10dad9fbed6d724ca5719982daaab8481,100,1,,,100,,
0xf198148233c7401ce140db7de767941dabe1022e,100,1,,,100,,
0xd1a57d7b24f92cd00241e88b127c0f9b651021e7,100,1,,,100,,
0x8f856021adcc2a85f137602334cee0aeb52f3220,100,1,,,100,,
0xed601bb6381da1a654733421afb87df0f063ce06,100,1,,,100,,
0x39e77dae7129392c1920e30b09fbd6ae8073e21f,100,1,,,100,,
0xa778024b1ca1b709594cc93c21801d0e90567d46,100,1,,,100,,
0xd63b2a3b4acf5b63c1b90be37bb97a1a37881af3,100,1,,,100,,
0xac14cf9a2f93bf7eeef7ee2f95b1dec15f2f51e9,100,1,,,100,,
0xe3a63739be6edb541a41751e16de1da3eaaaeec3,100,1,,,100,,
0xddd8b87fde1df1840ca759cfe214475a4cd63f5a,100,1,,,100,,
0x2fac8b6a7a82108357cbb23af0d6b7e700d8c5ef,100,1,,,100,,
0xae703323d5cc7b790b4f0d586e4515ace9deeaa3,100,1,,,100,,
0x770a042649420f5396b0e098e7f57dd370348975,100,1,,,100,,
0x7b13c5732dcca256db73a63dfb2a5a335c10a640,100,1,,,100,,
0xca99ba7a758e18fa63373763ef360a07aaf7fa12,100,1,,,100,,
0x1446a7f8f3b96c009002f856c8f2c6b599ec8911,100,1,,,100,,
0x64e142dc7096052ba8c0c79c6168f3e8ee0f8993,100,1,,,100,,
0x5c392f110cb6697f101db7bb8118de53cc07db62,100,1,,,100,,
0x219cd42976c764c47ae224af371fdccabfed2e84,100,1,,,100,,
0xd70352c128e1a145da85f8005cfb85b6347412fb,100,1,,,100,,
0xcbc477c6bbe869502e01726085d1b7723d1a7fde,100,1,,,100,,
0xf718824189790b3331dccb39e10723db8b721b50,100,1,,,100,,
0x6fb6f6a287e348968d6692e95ba555148269bfdf,100,1,,,100,,
0x725b68bde1dedc487b69ff00a6d0cf693b07addc,100,1,,,100,,
0x23e801932716864ff9a9d927c1a5ae9e0b14bc38,100,1,,,100,,
0x48418bd74f61ad73809017cb1dfb520b88b135b5,100,1,,,100,,
0x747f709305042bec4533902703f892d4b2759c88,100,1,,,100,,
0x6b5ede340f629ef75709514ba4ac70e0d1b1de82,100,1,,,100,,
0x2ad5d522d83f1eb255d697854d457b34becc871e,100,1,,,100,,
0x7c64ad9f2e31191cc4bb03137bd5bf80698413ac,100,1,,,100,,
0x957406a27387bd2833968750cc422a347c987d4d,100,1,,,100,,
0x58ce7e640b40f0d7b7c5d4cd3b1c291042f1023b,100,1,,,100,,
0x49814537677d80e4fe63eb8ed423ac2df87d2acc,100,1,,,100,,
0x54be81734b88da69750fc00684ce6ff8b02f54b5,100,1,,,100,,
0x04723c51ca3070a2557f1119c45fcd8e098558bd,100,1,,,100,,
0x411b3fb5a359c7dd49e0a5afb44721dd1d46a3f0,100,1,,,100,,
0x302097ab5a7deb7021ba10599f281ab3683b74ac,100,1,,,100,,
0x5451fbce69db3600d86c957648f490c023690646,100,1,,,100,,
0x340162318d5554c577ca7c329273f64ddd472961,100,1,,,100,,
0x91b19630e3870a85337cd1ef71697835cfc7c46c,100,1,,,100,,
0x46f334b7287b6a93f04fbb5201ef31326f593e49,100,1,,,100,,
0xd47b85456a98314cb3f74f869f021273849239db,100,1,,,100,,
0x9eea63341d3f1fed92bfaaa568140baebf20f40f,100,1,,,100,,
0x2a5fb87945a148ed17cce09b3840c01fa5bc8736,100,1,,,100,,
0x5e078f7852b51d36763576833557230ea0db91d0,100,1,,,100,,
0x1613c11f879c84b2048a5c1707d55a7670fd2601,100,1,,,100,,
0x2347e94584692a873b12a4f8d816b5d8d29fa33a,100,1,,,100,,
0x9106cd1e01e42116a6a645aa79a900694082360f,100,1,,,100,,
0x8597e88fda30d906be376a2e598b09b0097a1255,100,1,,,100,,
0x8d4689f7ca3f54fcb69fbfb60020304ea1f94ac1,100,1,,,100,,
0x2f29ef6ce03cb5e37766e7fa60915e911f6adc92,100,1,,,100,,
0xf31cc48835d66bcd89ec243508e8e136857f5cc4,100,1,,,100,,
0x8bd0898ca89b983d8234449af947a09c2904b37c,100,1,,,100,,
0x791a237c857b31c32eb636d7824d6885e6cbc124,100,1,,,100,,
0x9ab03e96dba10acf8e10cb12034758b0867a0d27,100,1,,,100,,
0x33e9be1d849eb23e0e740b84efbc4ca962763cdd,100,1,,,100,,
0xdcf7fad5af111fb3b9382a7e437715ca7ae7e3c6,100,1,,,100,,
0x64e0da2ad226933155eb228f0b108193dee8af15,100,1,,,100,,
0xe7c65471e21e59486c7913c6d2188c6f6d0ca5fa,100,1,,,100,,
0x701b2b162ca078409a39dfff04871d476fae52cd,100,1,,,100,,
0x3c4acb7188dd78aa7c307cce0b1ebf37e66f44ad,100,1,,,100,,
0x0e871f4a19cbd3581211042c3586ef2d14372f81,100,1,,,100,,
0xea8c274c4e57b5e12e3dc95cc93f41207dd8d8a8,100,1,,,100,,
0x710481d45da985f705993e6078923e4c9b560b17,100,1,,,100,,
0x38a2b86c2655d9c4ff9cec176a0747c7ebbf8128,100,1,,,100,,
0xe968fbef33d0fa83ee831528ae9f3ca05ae25316,100,1,,,100,,
0xc83266d374cd2e542c324de0f9e6d7e13fec6d1d,100,1,,,100,,
0x95ab02bcf7696c13746544ba683187f7ac524521,100,1,,,100,,
0x0fd78bcd9a0d164b9a40990bebd5ba9924ae4b31,100,1,,,100,,
0xc2cf99881f16b05f91561bd351a5bbd0ea751303,100,1,,,100,,
0xfebc22a386c9c09f95fd0ded889a25979eeda851,100,1,,,100,,
0x1252e1153668246e250f1281b21a8a5ad0a667c8,100,1,,,100,,
0xf2feba3870fbe408d8a2703416a85609a5feb79c,100,1,,,100,,
0x8f08a3c36ba9d13ef38842d0ed3884e5f18e9f3c,100,1,,,100,,
0xf43257c72baa67eabc83143f4ec81693b0c2ee8c,100,1,,,100,,
0x2759ad46b4a1e422e1b0aad63cc1e2e6880526bf,100,1,,,100,,
0x4f0260e148e6ae7f84d03b6feca32b7a7f687874,100,1,,,100,,
0xff7c89b829c5c7458f49f0a1fdf7e8cc17c05a0d,100,1,,,100,,
0x513e0013d3139bb5ecb673ca0c73b951d48cb8e7,100,1,,,100,,
0x61edee825530e55a114483571f30680f8852cf64,100,1,,,100,,
0xec904339ca79c8c347c2842fa7e18cab95903cdf,100,1,,,100,,
0xb599a7c8650baeb52dc2dfdbd6d9569b4d7190de,100,1,,,100,,
0x367600534eb0e233627d27e7d394e7356ea629c1,100,1,,,100,,
0x52c47ec8988c01009e14176f5f42401284f38bc1,100,1,,,100,,
0x1ec27e1b51de9c1a47ea51b56aac05556b883747,100,1,,,100,,
0x8bfe5aa2608d73d2dee9798afda4c6766ba5b24a,100,1,,,100,,
0xc645fe5252d6efeebb20df803e38dafd4e09b7c4,100,1,,,100,,
0xcd838d921fdb27fc722ff4122f7fb866eafc323c,100,1,,,100,,
0x3cf9736cec6587cee4b3ba78b77361fe5afd8cca,100,1,,,100,,
0xfded077297ff4a7c2bc4797179a38ab2e70d41eb,100,1,,,100,,
0x361c49c960bec180a08abfab297d467611dc4fbd,100,1,,,100,,
0x4be6f54f02d32e3046475c0a7560cd06ec642f13,100,1,,,100,,
0xc5523689706fbdd8ca1c99ec4623919b737d4cab,100,1,,,100,,
0x9fcac6c38387280ecd718cd8568c147edfe7c4c6,100,1,,,100,,
0xb4a5e8c2efdc62f3f5dc60c47608e4abe03f3b43,100,1,,,100,,
0xd4a5cc9e8f8ee5ae1911bcdbe562dbe54213728e,100,1,,,100,,
0x4f69c48ccdae621737e6728760f7486c78274f53,100,1,,,100,,
0xcb2e07d90a0e1bd121415448c89abd4123c463b6,100,1,,,100,,
0x8ed86925c1440342460044e869e6657deed8420f,100,1,,,100,,
0x988b09b929f06053dd00d9377756c94733971482,100,1,,,100,,
0xc10cf70a58c34b104ed0eb43f3f866e674c19bb6,100,1,,,100,,
0xdc56d074efa88d3a975f8017ce46a19269da041f,100,1,,,100,,
0x9ce1ae587a20e2bac9087b7c7070292fe2994b92,100,1,,,100,,
0x3f3e007b0c726b0d1b38018c55b8630349dd6689,100,1,,,100,,
0xc0f41d75b0a5fbd5ae2d9d63042b967bde5a459a,100,1,,,100,,
0x947af4a3e76b2ba3ef6053212a5a340fe9283093,100,1,,,100,,
0xe623348faa9318bc9a3f9d86d1cc4b1c82f4ecd3,100,1,,,100,,
0x5395defbf2b16afa4daee4d8f043b5bcf55521f8,100,1,,,100,,
0x988f217c047fcfe56fcd01a9314c73eb491327bd,100,1,,,100,,
0xb52622fc096b8f22e227de5de6696d5b8dc0bdc5,100,1,,,100,,
0xaec172946e35f39e955df9220e6f4cec743fe222,100,1,,,100,,
0x2566e72c6eba244f232b75faaf63f38af32075ec,100,1,,,100,,
0x6c825f9013e27d617cc53f07db7d3c6aa07824d8,100,1,,,100,,
0xb8ab4b754f94871706e77774fd6e9ccd1d96bc6c,100,1,,,100,,
0xf20900fa73c4d98647a442e0cbebe69230b569a4,100,1,,,100,,
0xd1d2dbfee66beae75385f882b9073c264189b125,100,1,,,100,,
0x42fc692593ec7a9f63dcb49bfc1bb9f7e1118197,100,1,,,100,,
0x5bfcfa53322f709826ba9901663180590bfec164,100,1,,,100,,
0x5a5a75cd6a610e22ac23e8413784ea67b5868773,100,1,,,100,,
0x90b320b3d0efa440f8009776df0d45c314f33613,100,1,,,100,,
0xa6a964b6b01068ee930ff26c85e4f8ed7dd950f2,100,1,,,100,,
0xbac19eb0c333d805231f0d0be08914b8f1151fad,100,1,,,100,,
0xe2a08150286fd4c98f74b2ac696fd902e798cfc2,100,1,,,100,,
0x97e8ae861f69b683dbd163a0f0c6ac4ad52d5629,100,1,,,100,,
0x79b2853b94791e56e41a67cfcfd3e9634771e754,100,1,,,100,,
0x7569ce4b996618b881c1f460abc03809a1965bdc,100,1,,,100,,
0x796516a69d86bca0392ce2aa56eb103446a285f6,100,1,,,100,,
0x690c2dc1c3fba6ec95673c269edf156ac011ee8d,100,1,,,100,,
0xeb0c2150325e0ee86773b185e0a00051f90f771f,100,1,,,100,,
0x8715cc2b35cc24824472ddd2e88c46a1c3a3ca27,100,1,,,100,,
0x9990f05cdd27f3aa86989c6d7c7521803542c6fc,100,1,,,100,,
0xaee113ab836230e375f5537b7bcc7d0583c4cd9d,100,1,,,100,,
0xfa0bf63411833a33348d0da2b4322a96c38d10c0,100,1,,,100,,
0xa87b05620370839c11da59592a9954a44db956c5,100,1,,,100,,
0xec807e075925107926d6fcf3a2966215204a30ab,100,1,,,100,,
0x11f6548ea12e9eecf3e78960c22ffbd6266d5f55,100,1,,,100,,
0x6c9576b3c6b0ca9ca4278ba3a23ceccbc5961790,100,1,,,100,,
0xc8a1f8ee58e4c0d2417609c4f331bbb21a1e9b85,100,1,,,100,,
0x47810b77791ba0f910fc2442ad8204d30bf6099b,100,1,,,100,,
0xd8c768e44e1eb8cf82a16964a6dae0f2ea6f5e07,100,1,,,100,,
0x49f7acbc8411dc9db8e88e0b07f307826b152361,100,1,,,100,,
0x54387bc9dda5356622aab95b9e736fb2b82d63b2,100,1,,,100,,
0x9208c50369252fda7b5438f70468d0d42d044c55,100,1,,,100,,
0x199a0597af2818dcce5d9c1902afe0c64c80c05b,100,1,,,100,,
0x852dbdcd2c9ee7e0afaca3de151b563f4edc31a5,100,1,,,100,,
0x06b87fe6840ce1bac499f9d53510e1a307d11056,100,1,,,100,,
0x10a322f256eaa5b9e80573a9e165d6f705845174,100,1,,,100,,
0x79a58663e86a6e5cb6971391cbb7c05481710fb5,100,1,,,100,,
0x6b517552880632a1b115cb46b20a9392883a0f93,100,1,,,100,,
0xa69380cf9ade811945225e1eba0b4edb9f1b1d3c,100,1,,,100,,
0x315558acc0ef14f991287ab7074a872ffd8e3a88,100,1,,,100,,
0x284373e6df59dc57576daba0150d102a18658da8,100,1,,,100,,
0xfaee1fac0e41985225446848c21445c887c9211e,100,1,,,100,,
0x9787cebada7ade4e8612edc5e27fda25d85dd96c,100,1,,,100,,
0xcc3a67fa577b69033a67cdc387ab79a66fe89f1b,100,1,,,100,,
0x9f0103a981c535ec4d86da58965204485e417d15,100,1,,,100,,
0x82399cd2f3187218ed0d16218b7a123ae458926b,100,1,,,100,,
0x51fffbc1b6f994d28d21074fb227cc742603aaf5,100,1,,,100,,
0x28eb498439c72a1dbd5d39d31001245c4b7b1fe7,100,1,,,100,,
0xa72f836f4d7eb2a2cd63b6cd7b2d6cfa39bacf04,100,1,,,100,,
0x78d3a230b295c0de837ac2ca14377b857abc2f80,100,1,,,100,,
0xb5710e079e5771a28ef5caf8384157be8a7a087e,100,1,,,100,,
0x99427d202cd269a2f06be4e0eee6e512c9fb5bf4,100,1,,,100,,
0x7b30dad3a7ea3a48fc311fa818a592bc3ca6d1ec,100,1,,,100,,
0x9f7a558e5998bc278fda915fa1117c0401dfa4bb,100,1,,,100,,
0x554f141132f284e465647f364917862a0c637a1d,100,1,,,100,,
0xd47632d8c4c60f29638bb64fde47591da0efc3e6,100,1,,,100,,
0xda47ba6aca7e03914f5850e15d84fd151753b0e7,100,1,,,100,,
0xbba8afed4e297f6fef374dbe13d029b3eae659f5,100,1,,,100,,
0x1be0c0aaf9a6c47a062d601d0a7ec1b8ce4912df,100,1,,,100,,
0x03360523019188ac3a97a1191c02ee4010181785,100,1,,,100,,
0xbf9b69c11b3872983f6ebc25293e13b4e32b6bbb,100,1,,,100,,
0x9dc0dfeb51b7fd3899bf333aac93a452acde2f10,100,1,,,100,,
0x188f2432ad568755e1f8f2f4ad3eb0141f8e37b1,100,1,,,100,,
0x14f776403782b7ddde82aa557e48873cbcf47dd1,100,1,,,100,,
0xf3767810445639828745b644b9a42ed480cffec9,100,1,,,100,,
0x9bdc85c3864468d18ea49ca62fd4aaa6de086d91,100,1,,,100,,
0xb2ca2fa395dd745135d32b27898ed8f67db3cbfe,100,1,,,100,,
0x6be3524f035437a6cc99393f52d1a866b6e0366b,100,1,,,100,,
0x5d066296fe0cd557ebca35f02609e3e5e1ddc39a,100,1,,,100,,
0x9b12aa531e2ab41ded40334b218c1900e9f5e054,100,1,,,100,,
0xe675dc0698119e33ad8e2526b248ac9eb83ae4bc,100,1,,,100,,
0x75585df1a6e59bafd3370c1f79afc3e259406e19,100,1,,,100,,
0x6b2c7a7cdcd0a2813db25aa62c5bc4e8f1bdefda,100,1,,,100,,
0x9c8356ea8ff3e68d97fd82e9e6df0da43db768b5,100,1,,,100,,
0xd8df4be65c89b611961555ad658e4bd9da304acb,100,1,,,100,,
0x68ddbb5b08946bd3062b52335ff4a164de0b89e6,100,1,,,100,,
0xed4cbcd8ac83604c16235e642c513561b7c6f9f1,100,1,,,100,,
0x0c6b4407de4794cd080e64887f830ec08c47b172,100,1,,,100,,
0x499f29181f955a4aaae8387c9cceab163565daa8,100,1,,,100,,
0xa01d11e2da232150751c8a4516081ef54155475b,100,1,,,100,,
0xb05be90e2c3a9a184d36343b262c7faaa6ae7c4f,100,1,,,100,,
0xe998b4fdc02c9deb9b6912b8382826ef0df8b1fb,100,1,,,100,,